--
-- PostgreSQL database dump
--

\restrict uE3ImSp8aO4cigEuD7MyT0bqAAcTLvsmLLcvqbxE1gOlzT8lbHvjVs9XHagpHTt

-- Dumped from database version 16.11
-- Dumped by pg_dump version 16.11

SET statement_timeout = 0;
SET lock_timeout = 0;
SET idle_in_transaction_session_timeout = 0;
SET client_encoding = 'UTF8';
SET standard_conforming_strings = on;
SELECT pg_catalog.set_config('search_path', '', false);
SET check_function_bodies = false;
SET xmloption = content;
SET client_min_messages = warning;
SET row_security = off;

ALTER TABLE IF EXISTS ONLY public.employees DROP CONSTRAINT IF EXISTS employees_status_id_fkey;
ALTER TABLE IF EXISTS ONLY public.employees DROP CONSTRAINT IF EXISTS employees_nationality_id_fkey;
ALTER TABLE IF EXISTS ONLY public.employees DROP CONSTRAINT IF EXISTS employees_job_title_id_fkey;
ALTER TABLE IF EXISTS ONLY public.employees DROP CONSTRAINT IF EXISTS employees_department_id_fkey;
ALTER TABLE IF EXISTS ONLY public.employees DROP CONSTRAINT IF EXISTS employees_company_id_fkey;
ALTER TABLE IF EXISTS ONLY public.employees DROP CONSTRAINT IF EXISTS employees_bank_id_fkey;
ALTER TABLE IF EXISTS ONLY public.nationalities DROP CONSTRAINT IF EXISTS nationalities_pkey;
ALTER TABLE IF EXISTS ONLY public.job_titles DROP CONSTRAINT IF EXISTS job_titles_pkey;
ALTER TABLE IF EXISTS ONLY public.employees DROP CONSTRAINT IF EXISTS employees_pkey;
ALTER TABLE IF EXISTS ONLY public.employees DROP CONSTRAINT IF EXISTS employees_employee_code_key;
ALTER TABLE IF EXISTS ONLY public.employee_statuses DROP CONSTRAINT IF EXISTS employee_statuses_pkey;
ALTER TABLE IF EXISTS ONLY public.departments DROP CONSTRAINT IF EXISTS departments_pkey;
ALTER TABLE IF EXISTS ONLY public.companies DROP CONSTRAINT IF EXISTS companies_pkey;
ALTER TABLE IF EXISTS ONLY public.banks DROP CONSTRAINT IF EXISTS banks_pkey;
ALTER TABLE IF EXISTS public.nationalities ALTER COLUMN id DROP DEFAULT;
ALTER TABLE IF EXISTS public.job_titles ALTER COLUMN id DROP DEFAULT;
ALTER TABLE IF EXISTS public.employees ALTER COLUMN id DROP DEFAULT;
ALTER TABLE IF EXISTS public.employee_statuses ALTER COLUMN id DROP DEFAULT;
ALTER TABLE IF EXISTS public.departments ALTER COLUMN id DROP DEFAULT;
ALTER TABLE IF EXISTS public.companies ALTER COLUMN id DROP DEFAULT;
ALTER TABLE IF EXISTS public.banks ALTER COLUMN id DROP DEFAULT;
DROP SEQUENCE IF EXISTS public.nationalities_id_seq;
DROP TABLE IF EXISTS public.nationalities;
DROP SEQUENCE IF EXISTS public.job_titles_id_seq;
DROP TABLE IF EXISTS public.job_titles;
DROP SEQUENCE IF EXISTS public.employees_id_seq;
DROP TABLE IF EXISTS public.employees;
DROP SEQUENCE IF EXISTS public.employee_statuses_id_seq;
DROP TABLE IF EXISTS public.employee_statuses;
DROP SEQUENCE IF EXISTS public.departments_id_seq;
DROP TABLE IF EXISTS public.departments;
DROP SEQUENCE IF EXISTS public.companies_id_seq;
DROP TABLE IF EXISTS public.companies;
DROP SEQUENCE IF EXISTS public.banks_id_seq;
DROP TABLE IF EXISTS public.banks;
SET default_tablespace = '';

SET default_table_access_method = heap;

--
-- Name: banks; Type: TABLE; Schema: public; Owner: postgres
--

CREATE TABLE public.banks (
    id integer NOT NULL,
    name_ar character varying(100),
    name_en character varying(100)
);


ALTER TABLE public.banks OWNER TO postgres;

--
-- Name: banks_id_seq; Type: SEQUENCE; Schema: public; Owner: postgres
--

CREATE SEQUENCE public.banks_id_seq
    AS integer
    START WITH 1
    INCREMENT BY 1
    NO MINVALUE
    NO MAXVALUE
    CACHE 1;


ALTER SEQUENCE public.banks_id_seq OWNER TO postgres;

--
-- Name: banks_id_seq; Type: SEQUENCE OWNED BY; Schema: public; Owner: postgres
--

ALTER SEQUENCE public.banks_id_seq OWNED BY public.banks.id;


--
-- Name: companies; Type: TABLE; Schema: public; Owner: postgres
--

CREATE TABLE public.companies (
    id integer NOT NULL,
    name_ar character varying(200),
    name_en character varying(200),
    code character varying(20)
);


ALTER TABLE public.companies OWNER TO postgres;

--
-- Name: companies_id_seq; Type: SEQUENCE; Schema: public; Owner: postgres
--

CREATE SEQUENCE public.companies_id_seq
    AS integer
    START WITH 1
    INCREMENT BY 1
    NO MINVALUE
    NO MAXVALUE
    CACHE 1;


ALTER SEQUENCE public.companies_id_seq OWNER TO postgres;

--
-- Name: companies_id_seq; Type: SEQUENCE OWNED BY; Schema: public; Owner: postgres
--

ALTER SEQUENCE public.companies_id_seq OWNED BY public.companies.id;


--
-- Name: departments; Type: TABLE; Schema: public; Owner: postgres
--

CREATE TABLE public.departments (
    id integer NOT NULL,
    name_ar character varying(200),
    name_en character varying(200)
);


ALTER TABLE public.departments OWNER TO postgres;

--
-- Name: departments_id_seq; Type: SEQUENCE; Schema: public; Owner: postgres
--

CREATE SEQUENCE public.departments_id_seq
    AS integer
    START WITH 1
    INCREMENT BY 1
    NO MINVALUE
    NO MAXVALUE
    CACHE 1;


ALTER SEQUENCE public.departments_id_seq OWNER TO postgres;

--
-- Name: departments_id_seq; Type: SEQUENCE OWNED BY; Schema: public; Owner: postgres
--

ALTER SEQUENCE public.departments_id_seq OWNED BY public.departments.id;


--
-- Name: employee_statuses; Type: TABLE; Schema: public; Owner: postgres
--

CREATE TABLE public.employee_statuses (
    id integer NOT NULL,
    name_ar character varying(50),
    name_en character varying(50)
);


ALTER TABLE public.employee_statuses OWNER TO postgres;

--
-- Name: employee_statuses_id_seq; Type: SEQUENCE; Schema: public; Owner: postgres
--

CREATE SEQUENCE public.employee_statuses_id_seq
    AS integer
    START WITH 1
    INCREMENT BY 1
    NO MINVALUE
    NO MAXVALUE
    CACHE 1;


ALTER SEQUENCE public.employee_statuses_id_seq OWNER TO postgres;

--
-- Name: employee_statuses_id_seq; Type: SEQUENCE OWNED BY; Schema: public; Owner: postgres
--

ALTER SEQUENCE public.employee_statuses_id_seq OWNED BY public.employee_statuses.id;


--
-- Name: employees; Type: TABLE; Schema: public; Owner: postgres
--

CREATE TABLE public.employees (
    id integer NOT NULL,
    employee_code character varying(20),
    name_en character varying(200),
    name_ar character varying(200),
    national_id character varying(20),
    nationality_id integer,
    hire_date date,
    department_id integer,
    job_title_id integer,
    bank_id integer,
    iban character varying(50),
    company_id integer,
    status_id integer,
    created_at timestamp without time zone DEFAULT CURRENT_TIMESTAMP,
    updated_at timestamp without time zone DEFAULT CURRENT_TIMESTAMP
);


ALTER TABLE public.employees OWNER TO postgres;

--
-- Name: employees_id_seq; Type: SEQUENCE; Schema: public; Owner: postgres
--

CREATE SEQUENCE public.employees_id_seq
    AS integer
    START WITH 1
    INCREMENT BY 1
    NO MINVALUE
    NO MAXVALUE
    CACHE 1;


ALTER SEQUENCE public.employees_id_seq OWNER TO postgres;

--
-- Name: employees_id_seq; Type: SEQUENCE OWNED BY; Schema: public; Owner: postgres
--

ALTER SEQUENCE public.employees_id_seq OWNED BY public.employees.id;


--
-- Name: job_titles; Type: TABLE; Schema: public; Owner: postgres
--

CREATE TABLE public.job_titles (
    id integer NOT NULL,
    name_ar character varying(200),
    name_en character varying(200)
);


ALTER TABLE public.job_titles OWNER TO postgres;

--
-- Name: job_titles_id_seq; Type: SEQUENCE; Schema: public; Owner: postgres
--

CREATE SEQUENCE public.job_titles_id_seq
    AS integer
    START WITH 1
    INCREMENT BY 1
    NO MINVALUE
    NO MAXVALUE
    CACHE 1;


ALTER SEQUENCE public.job_titles_id_seq OWNER TO postgres;

--
-- Name: job_titles_id_seq; Type: SEQUENCE OWNED BY; Schema: public; Owner: postgres
--

ALTER SEQUENCE public.job_titles_id_seq OWNED BY public.job_titles.id;


--
-- Name: nationalities; Type: TABLE; Schema: public; Owner: postgres
--

CREATE TABLE public.nationalities (
    id integer NOT NULL,
    name_ar character varying(100),
    name_en character varying(100)
);


ALTER TABLE public.nationalities OWNER TO postgres;

--
-- Name: nationalities_id_seq; Type: SEQUENCE; Schema: public; Owner: postgres
--

CREATE SEQUENCE public.nationalities_id_seq
    AS integer
    START WITH 1
    INCREMENT BY 1
    NO MINVALUE
    NO MAXVALUE
    CACHE 1;


ALTER SEQUENCE public.nationalities_id_seq OWNER TO postgres;

--
-- Name: nationalities_id_seq; Type: SEQUENCE OWNED BY; Schema: public; Owner: postgres
--

ALTER SEQUENCE public.nationalities_id_seq OWNED BY public.nationalities.id;


--
-- Name: banks id; Type: DEFAULT; Schema: public; Owner: postgres
--

ALTER TABLE ONLY public.banks ALTER COLUMN id SET DEFAULT nextval('public.banks_id_seq'::regclass);


--
-- Name: companies id; Type: DEFAULT; Schema: public; Owner: postgres
--

ALTER TABLE ONLY public.companies ALTER COLUMN id SET DEFAULT nextval('public.companies_id_seq'::regclass);


--
-- Name: departments id; Type: DEFAULT; Schema: public; Owner: postgres
--

ALTER TABLE ONLY public.departments ALTER COLUMN id SET DEFAULT nextval('public.departments_id_seq'::regclass);


--
-- Name: employee_statuses id; Type: DEFAULT; Schema: public; Owner: postgres
--

ALTER TABLE ONLY public.employee_statuses ALTER COLUMN id SET DEFAULT nextval('public.employee_statuses_id_seq'::regclass);


--
-- Name: employees id; Type: DEFAULT; Schema: public; Owner: postgres
--

ALTER TABLE ONLY public.employees ALTER COLUMN id SET DEFAULT nextval('public.employees_id_seq'::regclass);


--
-- Name: job_titles id; Type: DEFAULT; Schema: public; Owner: postgres
--

ALTER TABLE ONLY public.job_titles ALTER COLUMN id SET DEFAULT nextval('public.job_titles_id_seq'::regclass);


--
-- Name: nationalities id; Type: DEFAULT; Schema: public; Owner: postgres
--

ALTER TABLE ONLY public.nationalities ALTER COLUMN id SET DEFAULT nextval('public.nationalities_id_seq'::regclass);


--
-- Data for Name: banks; Type: TABLE DATA; Schema: public; Owner: postgres
--

COPY public.banks (id, name_ar, name_en) FROM stdin;
1	\N	Arab National Bank
2	\N	National Commercial Bank
3	\N	Al Rajhi Bank
4	\N	Alinma Bank
5	\N	The Saudi British Bank
6	\N	Bank AlJazira
7	\N	Cash
\.


--
-- Data for Name: companies; Type: TABLE DATA; Schema: public; Owner: postgres
--

COPY public.companies (id, name_ar, name_en, code) FROM stdin;
1	Pioneers Vegetable Oils Industry - PVO	Pioneers Vegetable Oils Industry - PVO	\N
\.


--
-- Data for Name: departments; Type: TABLE DATA; Schema: public; Owner: postgres
--

COPY public.departments (id, name_ar, name_en) FROM stdin;
1	\N	COO Office : Operation : LIA Production
2	\N	COO Office : Operation : Tin Can Factory
3	\N	COO Office : Operation : QC/QA
4	\N	COO Office : HR & Administration : Administration
5	\N	COO Office : Operation
6	\N	COO Office : Finance & Accounts
7	\N	COO Office : Marketing & Sales
8	\N	COO Office : HR & Administration : Administration : Security Dept.
9	\N	COO Office : Operation : Maintenance
10	\N	COO Office : HR & Administration : HR
11	\N	COO Office : Operation : Stores COO
12	\N	COO Office : Operation : Stores COO : AMOP Khamis Mushait Warehouse
13	\N	COO Office : Operation : Plastic Factory
14	\N	COO Office : Operation : KFIP Site
15	\N	COO Office : Supply Chain : Procurement Supply Chain
16	\N	COO Office : Supply Chain : Stores Supply Chain
17	\N	COO Office : Construction & General Maintenance
18	\N	COO Office : Supply Chain : Logistics
19	\N	COO Office : Operation : Corrugated Carton Box & & Printed Stickers Factory : Printed Stickers Factory
20	\N	COO Office
\.


--
-- Data for Name: employee_statuses; Type: TABLE DATA; Schema: public; Owner: postgres
--

COPY public.employee_statuses (id, name_ar, name_en) FROM stdin;
1	نشط	Active
2	غير نشط	Inactive
\.


--
-- Data for Name: employees; Type: TABLE DATA; Schema: public; Owner: postgres
--

COPY public.employees (id, employee_code, name_en, name_ar, national_id, nationality_id, hire_date, department_id, job_title_id, bank_id, iban, company_id, status_id, created_at, updated_at) FROM stdin;
1	1386	Mohamed Ahmed Fekry	محمد احمد فكرى محمد السيد	2476345422	1	2023-08-08	1	1	1	SA8730400108078932530026	1	1	2026-01-31 01:35:13.011702	2026-01-31 01:35:13.011702
2	5185	Mahmoud Abdulqader Yazji	محمود عبدالقادر بازجي	2527001610	2	2017-04-01	2	2	2	SA8310000011100283435800	1	1	2026-01-31 01:35:13.011702	2026-01-31 01:35:13.011702
3	7010	Mostafa Ismail Alhalawani	مصطفى مصطفى اسماعيل مصطفى	2482653264	1	2019-11-28	3	3	3	SA5380000327608010653117	1	1	2026-01-31 01:35:13.011702	2026-01-31 01:35:13.011702
4	7019	Ghada A Alsowydi	غادة اويس عبدالله محمد السويدي	2456356902	3	2021-06-01	4	4	3	SA4280000314608010604107	1	1	2026-01-31 01:35:13.011702	2026-01-31 01:35:13.011702
5	7020	Imran S Chouodhry	عمران	2325288658	4	2019-06-01	5	5	3	SA8180000327608016033397	1	1	2026-01-31 01:35:13.011702	2026-01-31 01:35:13.011702
6	7021	Khaled F Shetaya	خالد فتحي	2359142052	1	2021-11-07	6	6	3	SA8280000158608016070153	1	1	2026-01-31 01:35:13.011702	2026-01-31 01:35:13.011702
7	7022	Mohammed Musa	محمد محمود عبدالحميد موسى	2517741589	1	2022-02-26	6	6	4	SA6905000068203914048000	1	1	2026-01-31 01:35:13.011702	2026-01-31 01:35:13.011702
8	7023	Basem Alami	محمد باسم عمر خليل / العلمي	2191944608	2	2022-11-30	7	7	4	SA8205000068206050698000	1	1	2026-01-31 01:35:13.011702	2026-01-31 01:35:13.011702
9	7026	Abduallah M AlAlwani	عبدالله محمد العلوني	1115252627	5	2021-07-07	8	8	3	SA7980000352608010171928	1	1	2026-01-31 01:35:13.011702	2026-01-31 01:35:13.011702
10	7028	Abdulhameed Abdullah	عبد الحميد عبد العظيم عبد الله عطيه	2513054870	1	2022-01-29	9	9	3	SA6480000150608016325308	1	1	2026-01-31 01:35:13.011702	2026-01-31 01:35:13.011702
11	7029	Abdulrahman Abduallah Alzahrani	عبدالرحمن عبدالله الزهراني	1104820624	5	2020-03-08	10	10	3	SA1480000526608010150139	1	1	2026-01-31 01:35:13.011702	2026-01-31 01:35:13.011702
12	7031	Afjal Miah	افجال ميا	2432891394	6	2022-02-16	11	11	3	SA7580000640608017933314	1	1	2026-01-31 01:35:13.011702	2026-01-31 01:35:13.011702
13	7033	Ahmed Abdultawab	احمد محمد عبد التواب عطيه	2517878613	1	2022-03-04	12	12	2	SA7410000011100248880003	1	1	2026-01-31 01:35:13.011702	2026-01-31 01:35:13.011702
14	7035	Ameen L Almhmadi	امين	1099520361	5	2020-12-22	8	8	2	SA7410000011100309217204	1	1	2026-01-31 01:35:13.011702	2026-01-31 01:35:13.011702
15	7037	Amjad Dafir Alghamdi	امجاد	1099598938	5	2019-01-07	4	4	4	SA8005000068202788725000	1	1	2026-01-31 01:35:13.011702	2026-01-31 01:35:13.011702
16	7038	Atif Mohammed Abu Aisa	عاطف محمد ابو عيسى	1013790462	5	2020-12-27	8	8	2	SA4610000035256037000104	1	1	2026-01-31 01:35:13.011702	2026-01-31 01:35:13.011702
17	7039	Awadh Mastoor Alharthi	عواض مستور الحارثي	1009590520	5	2019-12-16	4	13	3	SA1980000150608010161477	1	1	2026-01-31 01:35:13.011702	2026-01-31 01:35:13.011702
18	7041	Bablu Miah	BABLU MIAH SHAJAHAN MIAH	2518520867	6	2022-02-28	13	14	3	SA4880000327608016190452	1	1	2026-01-31 01:35:13.011702	2026-01-31 01:35:13.011702
19	7042	Babul H Ali	بابول حسين علي	2502977404	6	2021-09-21	14	15	3	SA4780000640608018866570	1	1	2026-01-31 01:35:13.011702	2026-01-31 01:35:13.011702
20	7045	Basim A Alymani	باسم علي ناصر اسماعيل اليماني	2104301136	3	2019-03-11	15	16	3	SA4480000327608019574660	1	1	2026-01-31 01:35:13.011702	2026-01-31 01:35:13.011702
21	7046	BEDESHI PATASANI UGRASEN	BEDESHI PATASANI UGRASEN PATASANI	2484805755	7	2020-11-01	14	17	4	SA4305000068202687615000	1	1	2026-01-31 01:35:13.011702	2026-01-31 01:35:13.011702
22	7047	Biblob Hossain	بيبلوب حسين	2517741720	6	2022-02-28	1	18	3	SA6280000327608016196020	1	1	2026-01-31 01:35:13.011702	2026-01-31 01:35:13.011702
23	7049	Dharmendra Kumar	DHARMENDRA KUMAR YATI	2524168719	7	2022-06-27	9	17	3	SA5780000640608019350905	1	1	2026-01-31 01:35:13.011702	2026-01-31 01:35:13.011702
24	7051	Farhat Mtwli	فرحات متولى عطيه جبريل	2517743015	1	2022-08-03	1	19	3	SA2580000325608016030916	1	1	2026-01-31 01:35:13.011702	2026-01-31 01:35:13.011702
25	7052	Fawaz Alzbyani	فواز محمد سالم الذبياني	1079408124	5	2022-12-02	3	20	4	SA5905000068204641263000	1	1	2026-01-31 01:35:13.011702	2026-01-31 01:35:13.011702
26	7054	Habibur Shurav	حبيب الرحمن شوراف	2517743569	6	2022-03-04	1	15	3	SA6280000640608019280490	1	1	2026-01-31 01:35:13.011702	2026-01-31 01:35:13.011702
27	7055	Hamza Faisal Mslaty	حمزه فيصل مسلاتي	2006967588	2	2019-09-06	3	21	3	SA1180000327608019563226	1	1	2026-01-31 01:35:13.011702	2026-01-31 01:35:13.011702
28	7058	Ikram Khan	اكرام	2522221379	7	2022-04-21	16	22	3	SA6280000640608018795878	1	1	2026-01-31 01:35:13.011702	2026-01-31 01:35:13.011702
29	7062	Kanhaiya Parasad	KANHAIYA PRASAD	2524169105	7	2022-07-06	9	23	3	SA4180000640608019278734	1	1	2026-01-31 01:35:13.011702	2026-01-31 01:35:13.011702
30	7063	Khalil Enam	KHALIL ENAM ALI	2524377815	6	2022-02-28	1	15	3	SA2480000640608018745055	1	1	2026-01-31 01:35:13.011702	2026-01-31 01:35:13.011702
31	7065	Mohabulrahman Habiz	.	2524381791	6	2022-02-28	1	15	3	SA3980000640608018744009	1	1	2026-01-31 01:35:13.011702	2026-01-31 01:35:13.011702
32	7067	Mahmoud Lotfi Aljndy	محمود لطفى محمد الجندى	2489025102	1	2020-10-02	9	24	4	SA0405000068202718077000	1	1	2026-01-31 01:35:13.011702	2026-01-31 01:35:13.011702
33	7070	MD R Hossin	محمد ريمون حسين	2502977503	6	2021-09-18	1	25	3	SA1080000150608016447045	1	1	2026-01-31 01:35:13.011702	2026-01-31 01:35:13.011702
34	7071	MD S Mia	مد سومان ميا	2502977669	6	2021-09-18	1	26	3	SA9580000640608018869392	1	1	2026-01-31 01:35:13.011702	2026-01-31 01:35:13.011702
35	7072	MD Hasen Ali	مد حسن علي	2512739687	6	2021-03-11	1	11	3	SA7980000327608016141588	1	1	2026-01-31 01:35:13.011702	2026-01-31 01:35:13.011702
36	7073	MD Nayeem Hossin	مد نعيم حسين	2512387503	6	2021-12-13	4	15	3	SA5580000327608016181014	1	1	2026-01-31 01:35:13.011702	2026-01-31 01:35:13.011702
37	7077	Mohammed M  Khan	محمد منزو خان	2520149382	6	2021-04-12	1	27	3	SA8480000640608019338488	1	1	2026-01-31 01:35:13.011702	2026-01-31 01:35:13.011702
38	7078	Mohammed Rajab Mohammed	محمد رجب محمد	2512739463	1	2022-01-05	9	28	2	SA3110000011100256885702	1	1	2026-01-31 01:35:13.011702	2026-01-31 01:35:13.011702
39	7079	Mohammed Adnan Ali	محمد عدنان علي	2512739323	4	2022-01-16	1	14	3	SA3280000640608019277538	1	1	2026-01-31 01:35:13.011702	2026-01-31 01:35:13.011702
40	7081	Mohammed Sana	محمد	2520158797	6	2022-02-28	13	14	3	SA5280000327608016191641	1	1	2026-01-31 01:35:13.011702	2026-01-31 01:35:13.011702
41	7083	Mohammed Jahid Hasan	محمد جاهيد حسن	2517743171	6	2022-03-04	1	15	3	SA8180000640608019261524	1	1	2026-01-31 01:35:13.011702	2026-01-31 01:35:13.011702
42	7084	Mohammed Rafiqul Oslam	مد رفيق إسلام	2518525551	6	2022-03-04	2	15	3	SA9880000640608018653416	1	1	2026-01-31 01:35:13.011702	2026-01-31 01:35:13.011702
43	7085	Mohammed S Mulla	محمد شكيل ملا	2517743478	6	2022-03-04	1	14	3	SA3080000640608019261375	1	1	2026-01-31 01:35:13.011702	2026-01-31 01:35:13.011702
44	7086	Mohammed Esa Rahull	محمد عيسى روح الله	2518521774	6	2022-03-04	2	29	3	SA1780000640608018737227	1	1	2026-01-31 01:35:13.011702	2026-01-31 01:35:13.011702
45	7088	Mohammed Sahid	محمد شهيد	2517743635	6	2022-03-04	1	15	3	SA9180000640608019277058	1	1	2026-01-31 01:35:13.011702	2026-01-31 01:35:13.011702
46	7091	Mohammed Rubil	محمد روبل	2537699379	6	2022-09-20	5	14	3	SA3980000640608019098835	1	1	2026-01-31 01:35:13.011702	2026-01-31 01:35:13.011702
47	7095	Mostfa Jamal Saad	مصطفى جمال سعد على	2492627506	1	2020-11-21	17	30	3	SA1280000640608013389222	1	1	2026-01-31 01:35:13.011702	2026-01-31 01:35:13.011702
48	7096	Mubashar Ur Rehman Qurashi	مبشر الرحمن	2511763233	4	2021-04-12	3	3	3	SA2680000327608016125276	1	1	2026-01-31 01:35:13.011702	2026-01-31 01:35:13.011702
49	7098	Muneeb I BUTT	منيب افتخار	2522838586	4	2022-05-05	1	25	3	SA3880000640608019377049	1	1	2026-01-31 01:35:13.011702	2026-01-31 01:35:13.011702
50	7100	Nasir Ahmed	ناصر احمد	2517741951	6	2022-02-28	1	31	3	SA3780000640608018626966	1	1	2026-01-31 01:35:13.011702	2026-01-31 01:35:13.011702
51	7104	Rayid A  Alharbi	رايد عبد الله احمد الحربي	1113706202	5	2021-02-11	1	32	3	SA1080000230608016010813	1	1	2026-01-31 01:35:13.011702	2026-01-31 01:35:13.011702
52	7105	RAJENTHIRAN RAMASAMY	راجينثيران راماسامي	2522220835	7	2022-04-21	5	33	3	SA1380000640608019370127	1	1	2026-01-31 01:35:13.011702	2026-01-31 01:35:13.011702
53	7106	Rayan O Alhrbi	ريان عمر الحربي	1104008113	5	2022-04-09	1	32	3	SA2480000230608010321026	1	1	2026-01-31 01:35:13.011702	2026-01-31 01:35:13.011702
54	7107	Sabrah Abdulwahab Alsyed	صبره عبد الوهاب السيد عبد الفضيل	2492627407	1	2020-12-16	2	34	3	SA0480000640608017922952	1	1	2026-01-31 01:35:13.011702	2026-01-31 01:35:13.011702
55	7108	Saddam H Siraj	صدام سراج	2513054680	6	2022-02-15	9	35	3	SA3380000640608019277132	1	1	2026-01-31 01:35:13.011702	2026-01-31 01:35:13.011702
56	7109	Sadiq Ali	صادق علي	2522221783	7	2022-04-21	9	36	3	SA6280000640608019354113	1	1	2026-01-31 01:35:13.011702	2026-01-31 01:35:13.011702
57	7112	Shohedul Rahman	سوهيدول	2518521535	6	2022-03-04	2	15	3	SA2280000640608018735973	1	1	2026-01-31 01:35:13.011702	2026-01-31 01:35:13.011702
58	7113	Siva PRASAD CHINTALA	SIVA PRASAD CHINTALA	2484805243	7	2020-11-01	14	17	4	SA9605000068202687525000	1	1	2026-01-31 01:35:13.011702	2026-01-31 01:35:13.011702
59	7114	UMAIR TALAT MAHMOOD	UMAIR TALAT MAHMOOD TALAT MAHMOOD	2330920907	4	2019-01-07	6	6	3	SA7880000327608019533211	1	1	2026-01-31 01:35:13.011702	2026-01-31 01:35:13.011702
60	7115	Usman Iqbal	USMAN	2522837661	4	2022-05-05	18	37	3	SA7080000640608019377346	1	1	2026-01-31 01:35:13.011702	2026-01-31 01:35:13.011702
61	7116	Vipin Verma	Vipin	2524168651	7	2022-08-06	13	38	4	SA6605000068204502510000	1	1	2026-01-31 01:35:13.011702	2026-01-31 01:35:13.011702
62	7117	Yogendra Yadav	YOGENDRA YADAV	2522222013	7	2022-04-21	9	39	3	SA9580000640608019278635	1	1	2026-01-31 01:35:13.011702	2026-01-31 01:35:13.011702
63	7118	Yomna Mohammed AlAlmi	يمنى	2430868477	2	2021-01-06	4	40	2	SA7710000011100141101503	1	1	2026-01-31 01:35:13.011702	2026-01-31 01:35:13.011702
64	7119	Yosef Marzoq Alsubhi	يوسف مرزوق الصبحي	1035187374	5	2019-06-20	8	8	3	SA9580000230608010128173	1	1	2026-01-31 01:35:13.011702	2026-01-31 01:35:13.011702
65	7122	Rubel MD Dulal	روبل مد دولال	2542308628	6	2023-02-01	1	39	3	SA3080000640608019261763	1	1	2026-01-31 01:35:13.011702	2026-01-31 01:35:13.011702
66	7123	Shohel Arshad	سهيل ارشد	2542308925	6	2023-01-14	1	15	4	SA6205000068204549538000	1	1	2026-01-31 01:35:13.011702	2026-01-31 01:35:13.011702
67	7124	MD Anamul Haque	.	2542309121	6	2023-01-14	1	41	3	SA4180000640608019403282	1	1	2026-01-31 01:35:13.011702	2026-01-31 01:35:13.011702
68	7125	Saiful Mondol	SAIFUL MONDOL	2542309212	6	2023-01-14	9	15	3	SA0780000327608016197010	1	1	2026-01-31 01:35:13.011702	2026-01-31 01:35:13.011702
69	7126	MD Salam	مد سلام	2542309030	6	2022-12-27	1	22	3	SA1380000640608019380506	1	1	2026-01-31 01:35:13.011702	2026-01-31 01:35:13.011702
70	7128	Alsyed Mahmood AlShorbagy	السيد محمد الشربجي	2569120344	1	2023-12-30	2	42	3	SA1980000150608016567842	1	1	2026-01-31 01:35:13.011702	2026-01-31 01:35:13.011702
71	7129	Mohammed Ghaleb Altaweel	محمد غالب حيدر الطويل	2052707888	3	2021-09-19	15	16	3	SA7980000525608010027478	1	1	2026-01-31 01:35:13.011702	2026-01-31 01:35:13.011702
72	7130	Barkah Mohammed Mostafa	بركة محمد مصطفى	2145614828	8	2022-08-12	16	43	3	SA8380000553608010027655	1	1	2026-01-31 01:35:13.011702	2026-01-31 01:35:13.011702
73	7131	MD Al Amin	مد الأمين	2543616219	6	2023-01-30	4	44	5	SA4945000000252306071001	1	1	2026-01-31 01:35:13.011702	2026-01-31 01:35:13.011702
74	7132	Jalal Khan	جلال خان	2542309295	6	2023-01-30	1	15	3	SA4680000640608019276704	1	1	2026-01-31 01:35:13.011702	2026-01-31 01:35:13.011702
75	7138	Abdulrazaq Bader Al hamdi	عبد الرزاق بدر الحمدي	1117657914	5	2023-03-01	9	45	3	SA4380000150608016001124	1	1	2026-01-31 01:35:13.011702	2026-01-31 01:35:13.011702
76	7140	Ali Salah Hasan	علي	2525933616	1	2023-03-16	17	46	3	SA9380000640608019138409	1	1	2026-01-31 01:35:13.011702	2026-01-31 01:35:13.011702
77	7141	Shamil Khan Izat	شاميل خان عزت	2542308834	4	2023-01-14	17	36	3	SA9080000327608016194934	1	1	2026-01-31 01:35:13.011702	2026-01-31 01:35:13.011702
78	7146	Mohamed Jamal Abdulrahman	محمد جمال عبدالرحمن	2076898747	2	2023-05-01	4	47	3	SA2680000857608019650528	1	1	2026-01-31 01:35:13.011702	2026-01-31 01:35:13.011702
79	7148	Saiful Batin Miah	سيف الباطن مياه	2552357390	6	2023-05-21	2	29	4	SA2205000068204814760000	1	1	2026-01-31 01:35:13.011702	2026-01-31 01:35:13.011702
80	7151	ALO Kutti	Alo Kiutti	2552357614	6	2023-05-21	2	44	4	SA0805000068204815816000	1	1	2026-01-31 01:35:13.011702	2026-01-31 01:35:13.011702
81	7152	MD Shahjalal MD Tota	مد شاه جلال مد توتا	2552357002	6	2023-05-21	2	15	3	SA4480000640608014880021	1	1	2026-01-31 01:35:13.011702	2026-01-31 01:35:13.011702
82	7153	Rayan Fathy Mohamed	ريان فتحي محمد محمود	2542309360	1	2023-01-01	12	15	3	SA6680000640608019086806	1	1	2026-01-31 01:35:13.011702	2026-01-31 01:35:13.011702
83	7154	Rifat Ahmed Amir	Rifat	2552357291	6	2023-05-21	2	15	4	SA2405000068204814623000	1	1	2026-01-31 01:35:13.011702	2026-01-31 01:35:13.011702
84	7155	Abdul Matin MD Basir	عبدالمتان	2552357168	6	2023-05-21	2	15	3	SA4780000640608014937003	1	1	2026-01-31 01:35:13.011702	2026-01-31 01:35:13.011702
85	7156	MD Abdullah	محمد عبدالله	2552358091	6	2023-05-21	2	44	3	SA8880000640608014937623	1	1	2026-01-31 01:35:13.011702	2026-01-31 01:35:13.011702
86	7159	SUBAN A  HOSSAIN	سوبان علي حسين	2552357762	6	2023-06-03	9	36	5	SA8645000000252297668001	1	1	2026-01-31 01:35:13.011702	2026-01-31 01:35:13.011702
87	7163	Mohamed M Aljohni	محمد مسعد سعيد الجهني	1121351785	5	2023-06-07	1	26	3	SA3080000150608016279166	1	1	2026-01-31 01:35:13.011702	2026-01-31 01:35:13.011702
88	7164	Ahmed Marwan Adlebi	احمد مروان ادلبي	2331373635	2	2023-01-02	13	48	4	SA1305000068204653532000	1	1	2026-01-31 01:35:13.011702	2026-01-31 01:35:13.011702
89	7166	Ahmed Abdulqawi Khalid	احمد عبدالقوي عبدالواحد فرحان	2279393090	3	2020-08-08	16	22	4	SA4905000068205256734000	1	1	2026-01-31 01:35:13.011702	2026-01-31 01:35:13.011702
90	7167	Ragheb Adel Draz	راغب عادل راغب دراز	2536333954	1	2023-06-15	19	49	4	SA2705000068204660624000	1	1	2026-01-31 01:35:13.011702	2026-01-31 01:35:13.011702
91	7168	Khalil Ibrahim Mullakhatter	خليل ابراهيم خليل ملا خاطر	2130888890	2	2022-11-27	20	50	4	SA3705000068204636368000	1	1	2026-01-31 01:35:13.011702	2026-01-31 01:35:13.011702
92	7170	Abdulrahman Mohamed Badawi	عبد الرحمن محمد بدوى محمد	2539921524	1	2023-06-15	3	51	3	SA3080000327608016194462	1	1	2026-01-31 01:35:13.011702	2026-01-31 01:35:13.011702
93	7172	Muhammad Tahir Khan	محمد طاهر خان	2536057272	4	2023-07-11	18	52	6	SA7160100001481565436001	1	1	2026-01-31 01:35:13.011702	2026-01-31 01:35:13.011702
94	7175	Hossam Mosaed Al Zahrani	حسام مساعد الزهراني	1069367546	5	2023-06-01	10	53	2	SA4010000015667383000109	1	1	2026-01-31 01:35:13.011702	2026-01-31 01:35:13.011702
95	7181	Mouhiuddin Abo Qadim	Mouhiuddin	2555002183	6	2023-07-10	2	44	5	SA4445000000252303649001	1	1	2026-01-31 01:35:13.011702	2026-01-31 01:35:13.011702
96	7203	Ridoy Hossain Rhman	RIDOY HOSSAIN SAIDUR RAHMAN	2510399302	6	2023-08-01	17	30	3	SA4880000327608016207330	1	1	2026-01-31 01:35:13.011702	2026-01-31 01:35:13.011702
97	7207	Muzamil Hasan Badshah	مزمل حسن بادشاه جول	2545251510	4	2023-06-05	1	54	4	SA5205000068204924449000	1	1	2026-01-31 01:35:13.011702	2026-01-31 01:35:13.011702
98	7208	ABDULHEKIM KEYYELI	ABDULHEKIM KEYYELI	2542455759	9	2023-04-25	6	6	4	SA2205000068204807485000	1	1	2026-01-31 01:35:13.011702	2026-01-31 01:35:13.011702
99	7220	Najurl Islam	نذر اسلام	2468326380	6	2023-10-20	9	36	2	SA5210000067000000722407	1	1	2026-01-31 01:35:13.011702	2026-01-31 01:35:13.011702
100	7229	Adnan Ahmed Ali	ADNAN AHMAD ALI JAN	2355512043	4	2023-01-10	17	39	5	SA9545000000252305636001	1	1	2026-01-31 01:35:13.011702	2026-01-31 01:35:13.011702
101	7230	Mohammed Mahdi Hasan	MD MAHEDI HASAN	2525305245	6	2023-01-10	17	36	3	SA0480053900608016050890	1	1	2026-01-31 01:35:13.011702	2026-01-31 01:35:13.011702
102	7243	Ahmed Fawzi Rabie	احمد فوزي احمد حسين ربيع	2026430310	10	2023-12-05	6	55	4	SA9105000068200506386000	1	1	2026-01-31 01:35:13.011702	2026-01-31 01:35:13.011702
103	7253	Ahmed H Ahmed	احمد حسين احمد	2560319887	4	2024-02-20	17	39	5	SA3445000000252307244001	1	1	2026-01-31 01:35:13.011702	2026-01-31 01:35:13.011702
104	7254	mohammed Wali Khan	محمد والي خان	2544092592	4	2024-02-20	18	52	4	SA4805000068205087877000	1	1	2026-01-31 01:35:13.011702	2026-01-31 01:35:13.011702
105	7261	Nawaf M Almoald	نواف مفرج المولد	1120778269	5	2024-01-15	1	44	3	SA7580000230608016012553	1	1	2026-01-31 01:35:13.011702	2026-01-31 01:35:13.011702
106	7262	Mahmood Ashraf Ali	محمود اشرف على عبدالله	2529749885	1	2024-02-20	9	56	5	SA2645000000252279468001	1	1	2026-01-31 01:35:13.011702	2026-01-31 01:35:13.011702
107	7263	Mohammed Abdulaal Alsyed	محمد عبد العال	2569376573	1	2024-02-20	13	57	3	SA4580053900608016137549	1	1	2026-01-31 01:35:13.011702	2026-01-31 01:35:13.011702
108	7269	Mohammed A  Albrmawi	محمد علي البرماوي	2568759779	1	2024-02-20	5	19	3	SA9580000856608013948549	1	1	2026-01-31 01:35:13.011702	2026-01-31 01:35:13.011702
109	7271	Mohammed  Tareq Faroq	محمد طارق محمد فاروق	2565429095	4	2024-02-05	13	58	3	SA2280000106608017205629	1	1	2026-01-31 01:35:13.011702	2026-01-31 01:35:13.011702
110	7272	Mohammed Alsyed AbuAniin	محمد السيد السيد ابو العنين	2568760058	1	2024-02-07	3	59	3	SA6180000694608017245367	1	1	2026-01-31 01:35:13.011702	2026-01-31 01:35:13.011702
111	7274	bahaa M Alttabah	بهاء محمد الطباخ	2568759894	1	2024-02-20	1	19	3	SA4280000856608016561422	1	1	2026-01-31 01:35:13.011702	2026-01-31 01:35:13.011702
112	7275	Hussam Ahmed Alshbasi	حسام احمد احمد الشباسي	2564136238	1	2024-01-28	3	60	4	SA3705000068205221181000	1	1	2026-01-31 01:35:13.011702	2026-01-31 01:35:13.011702
113	7276	Gulab Hussin khan	غالب حسن خان	2452573732	4	2024-02-20	11	12	4	SA9205000068205321834000	1	1	2026-01-31 01:35:13.011702	2026-01-31 01:35:13.011702
114	7282	OMAR  Muhammad ABAS	عمر محمد عباس مجذوب	2245666496	11	2023-12-23	6	6	4	SA1305000068205199351000	1	1	2026-01-31 01:35:13.011702	2026-01-31 01:35:13.011702
115	7297	Md Yuosf	مد يوسف	2577211796	6	2024-03-04	1	61	3	SA2780000539608019008168	1	1	2026-01-31 01:35:13.011702	2026-01-31 01:35:13.011702
116	7298	Rasel Talukder	راسيل	2577212059	6	2024-03-04	1	62	3	SA1380000539608018599662	1	1	2026-01-31 01:35:13.011702	2026-01-31 01:35:13.011702
117	7299	MD Emon	مد ايمون	2577211499	6	2024-03-04	1	63	5	SA5945000000252321682001	1	1	2026-01-31 01:35:13.011702	2026-01-31 01:35:13.011702
118	7303	Motaz M  Dakrory	معتز محمد دكرورى	2576491340	1	2024-04-22	14	64	3	SA0480000539608019729680	1	1	2026-01-31 01:35:13.011702	2026-01-31 01:35:13.011702
119	7311	Ahmed Ehab Altihami	Ahmed	2576491217	1	2024-05-09	3	65	4	SA4305000068205484998000	1	1	2026-01-31 01:35:13.011702	2026-01-31 01:35:13.011702
120	7313	Abdsalam A Almatrfi	عبدالسلام علي المطرفي	1105880049	5	2024-05-13	1	44	3	SA0880000327608016026078	1	1	2026-01-31 01:35:13.011702	2026-01-31 01:35:13.011702
121	7317	Omar Naser Othman	Omar	2576764308	1	2024-05-19	3	51	3	SA6980000984608016522914	1	1	2026-01-31 01:35:13.011702	2026-01-31 01:35:13.011702
122	7318	MD Foysal Khan	محمد فيصل خان	2576872952	6	2024-05-19	2	15	3	SA8280000539608019255207	1	1	2026-01-31 01:35:13.011702	2026-01-31 01:35:13.011702
123	7319	MD HAKIMUL ISLAM NOYON	HAKIMUL ISLAM	2576872663	6	2024-05-17	2	44	4	SA9605000068205535833000	1	1	2026-01-31 01:35:13.011702	2026-01-31 01:35:13.011702
124	7323	Ibrahim Tariq Aldemerdash	Ibrahim	2579310265	1	2024-05-30	14	66	3	SA7380000539608015844558	1	1	2026-01-31 01:35:13.011702	2026-01-31 01:35:13.011702
125	7324	Abdulrahman H Alsubhi	عبدالرحمن حامد حميد الصبحي	1082096874	5	2024-06-04	3	67	3	SA4580000230608010233445	1	1	2026-01-31 01:35:13.011702	2026-01-31 01:35:13.011702
126	7327	Muhamad jaser ali ahmad	Muhamad	2580445993	1	2024-07-07	14	66	4	SA0805000068205621789000	1	1	2026-01-31 01:35:13.011702	2026-01-31 01:35:13.011702
127	7328	AHMED HASSANE ABDELFATTAH	AHMED	2580448526	1	2024-07-07	9	68	3	SA3880000856608013972564	1	1	2026-01-31 01:35:13.011702	2026-01-31 01:35:13.011702
128	7329	MD MOSLEM MIAH	محمد مسلم مياه	2581075518	6	2024-06-30	5	26	4	SA7505000068205670986000	1	1	2026-01-31 01:35:13.011702	2026-01-31 01:35:13.011702
129	7331	MD Abdurahman	عبدالرحمن	2580997894	6	2024-06-30	1	26	4	SA6505000068205670895000	1	1	2026-01-31 01:35:13.011702	2026-01-31 01:35:13.011702
130	7332	ARIFUL CHAN ISLAM	ARIFUL ISLAM	2582537235	6	2024-08-13	2	44	3	SA3680000856608012061021	1	1	2026-01-31 01:35:13.011702	2026-01-31 01:35:13.011702
131	7334	SHAMMIM ALAM	شميم	2584513804	6	2024-09-01	2	15	4	SA3005000068205818550000	1	1	2026-01-31 01:35:13.011702	2026-01-31 01:35:13.011702
132	7335	Meahede golam hasan	مهدي	2584514059	6	2024-09-05	2	15	2	SA2410000011100496793406	1	1	2026-01-31 01:35:13.011702	2026-01-31 01:35:13.011702
133	7340	Khalid Menwer Alsubhi	Khalid	1121880981	5	2024-09-14	4	69	3	SA1880000230608016006886	1	1	2026-01-31 01:35:13.011702	2026-01-31 01:35:13.011702
134	7343	Emad  Nayir Aljohani	عماد ناير الجهني	1122071218	5	2024-09-09	1	44	3	SA2180000150608016253526	1	1	2026-01-31 01:35:13.011702	2026-01-31 01:35:13.011702
135	7344	Abdulrahman A  Altori	عبدالرحمن عبدالعزيز الطوري	1111566129	5	2024-10-07	1	44	2	SA3410000035100000411210	1	1	2026-01-31 01:35:13.011702	2026-01-31 01:35:13.011702
136	7345	Mohammed Suhail Rana	محمد سهيل رنا	2588789285	6	2024-10-01	2	44	4	SA8205000068205886671000	1	1	2026-01-31 01:35:13.011702	2026-01-31 01:35:13.011702
137	7347	Hamdan  Nasser Alharbi	Hamdan	1131670554	5	2024-10-13	4	69	3	SA1680000230608016139521	1	1	2026-01-31 01:35:13.011702	2026-01-31 01:35:13.011702
138	7348	Lujain A Alyahiwi	لجين احمد اليحيوي	1107085894	5	2024-10-23	6	70	2	SA4910000033400000402101	1	1	2026-01-31 01:35:13.011702	2026-01-31 01:35:13.011702
139	7349	Zahrah  Yusef Aldawodi	زهرة يوسف هلال الداؤدي	1101485520	5	2024-10-13	10	71	2	SA1310000035200000265307	1	1	2026-01-31 01:35:13.011702	2026-01-31 01:35:13.011702
140	7353	Majed Diyar Bakerly	ماجد	2593318120	9	2024-10-05	13	72	3	SA1980000857608016807972	1	1	2026-01-31 01:35:13.011702	2026-01-31 01:35:13.011702
141	7354	Nayir  Owaidh Alfaidi	ناير عوضة الفايدي	1117583144	5	2024-11-05	1	44	3	SA8780000394608016092698	1	1	2026-01-31 01:35:13.011702	2026-01-31 01:35:13.011702
142	7358	Seham S Al Rashdi	سهام سعيد الرشيدي	1077698635	5	2024-11-06	10	71	3	SA6780000495608010252585	1	1	2026-01-31 01:35:13.011702	2026-01-31 01:35:13.011702
143	7372	Ammar Mostafa Ismail Elhalawany	عمار مصطفى	2591269572	1	2024-11-25	19	73	4	SA3105000068205913978000	1	1	2026-01-31 01:35:13.011702	2026-01-31 01:35:13.011702
144	7374	Faisal W Alamri	فيصل واصل سالم العمري	1094431218	5	2024-12-08	1	44	3	SA6480000327608016011005	1	1	2026-01-31 01:35:13.011702	2026-01-31 01:35:13.011702
145	7385	Wedad M Aljuhani	وداد مساعد سعيد الجهنى	1096526445	5	2024-12-24	3	74	2	SA7010000011100497593701	1	1	2026-01-31 01:35:13.011702	2026-01-31 01:35:13.011702
146	7386	May M Almuqati	مي مثيب فهد المقاطي	1109893808	5	2025-01-11	10	75	2	SA7810000035200000252109	1	1	2026-01-31 01:35:13.011702	2026-01-31 01:35:13.011702
147	7395	MUTEB M ALFAZZI	متعب مسلم فهيد الفزي	1061084602	5	2025-02-02	1	44	3	SA6780000352608010068645	1	1	2026-01-31 01:35:13.011702	2026-01-31 01:35:13.011702
148	7398	Burak Hariri	براء حريري	2598178875	9	2025-02-05	17	76	3	SA3980000859608010867038	1	1	2026-01-31 01:35:13.011702	2026-01-31 01:35:13.011702
149	7399	RINI BT UDIN MALI	ريني بنت أودين مالي	2584511865	12	2024-09-08	20	77	7	-	1	1	2026-01-31 01:35:13.011702	2026-01-31 01:35:13.011702
150	7401	FARIS  M ALSENANI	فارس مبروك صلاح السناني	1120110844	5	2025-02-12	1	44	3	SA8280000394608016059226	1	1	2026-01-31 01:35:13.011702	2026-01-31 01:35:13.011702
151	7405	Abdullah  M Alalwani	عبدالله معلا عوده العلوني	1114238049	5	2025-03-03	1	44	3	SA2580000150608016065953	1	1	2026-01-31 01:35:13.011702	2026-01-31 01:35:13.011702
152	7406	Muath Abdulrahim Alharbi	معاذ عبدالرحيم هنيدي الصبحي الحربي	1123350918	5	2025-03-03	1	44	3	SA8380000230608016007462	1	1	2026-01-31 01:35:13.011702	2026-01-31 01:35:13.011702
153	7408	Ahmad S Alsoumali	احمد سعيد يوسف الصومالي	1117428027	5	2025-03-03	1	44	3	SA2280000856608014388885	1	1	2026-01-31 01:35:13.011702	2026-01-31 01:35:13.011702
154	7417	Ibrahim M Abu Shahba	ابراهيم محمد ابو شهبه وريور	2604167623	1	2025-04-09	13	78	3	SA1980000859608012330837	1	1	2026-01-31 01:35:13.011702	2026-01-31 01:35:13.011702
155	7437	Meshal  S Aljohani	مشعل صالح سعيد الجهني	1125176915	5	2025-05-25	1	44	3	SA5180000244608016093474	1	1	2026-01-31 01:35:13.011702	2026-01-31 01:35:13.011702
156	7442	Nawaf T Alharbi	نواف طلال الحربي	1129377261	5	2025-05-31	8	69	3	SA4480000230608010337253	1	1	2026-01-31 01:35:13.011702	2026-01-31 01:35:13.011702
157	7443	Md Lal  Miah	مد لال مياه	2608502684	6	2025-06-04	4	39	3	SA5980000865608012755065	1	1	2026-01-31 01:35:13.011702	2026-01-31 01:35:13.011702
158	7444	Hussain M Hussain Mahmoud	حسين محمود حسين محمود	2608910200	1	2025-06-16	9	79	3	SA0280000865608012337633	1	1	2026-01-31 01:35:13.011702	2026-01-31 01:35:13.011702
159	7445	Naif S Aloufi	نايف سويلم سليم العوفي	1062331192	5	2025-06-18	5	80	3	SA1180000247608010322835	1	1	2026-01-31 01:35:13.011702	2026-01-31 01:35:13.011702
160	7446	Amer  M Aljohani	عامر محمدصبري الجهني	1116386689	5	2025-06-18	4	81	3	SA4880000150608016021501	1	1	2026-01-31 01:35:13.011702	2026-01-31 01:35:13.011702
161	7447	Mohammed M Alahmdi	محمد منصور الاحمدي	1123955930	5	2025-06-20	4	82	3	SA1980000351608016228574	1	1	2026-01-31 01:35:13.011702	2026-01-31 01:35:13.011702
162	7448	Osama  M Amen Alshrdoub	أسامة محمد امين الشردوب	4607120138	1	2025-06-22	9	83	3	SA3880000866608016992838	1	1	2026-01-31 01:35:13.011702	2026-01-31 01:35:13.011702
163	7449	Meshal S Aljohani	مشعل صالح النزاوي الجهني	1114681966	5	2025-07-02	1	44	3	SA2280000352608016034179	1	1	2026-01-31 01:35:13.011702	2026-01-31 01:35:13.011702
164	7453	Faisal  H Alkutayni	فيصل حامد معتق الكتيني	1115051094	5	2025-07-13	1	44	3	SA2580000150608016207670	1	1	2026-01-31 01:35:13.011702	2026-01-31 01:35:13.011702
165	7454	Faisal J Aljohani	فيصل جزاء عايش الجهني	1109198729	5	2025-08-11	16	84	3	SA6880000150608016148502	1	1	2026-01-31 01:35:13.011702	2026-01-31 01:35:13.011702
166	7455	Safwan  F Alalwani	صفوان فالح العلوني	1135353967	5	2025-08-17	1	44	3	SA0280000856608010306030	1	1	2026-01-31 01:35:13.011702	2026-01-31 01:35:13.011702
167	7458	Turki N Alhubayshi	تركي نايف حامد الحبيشي	1097604829	5	2025-08-27	1	44	3	SA8380000376608010944425	1	1	2026-01-31 01:35:13.011702	2026-01-31 01:35:13.011702
168	7461	Sari A Almuallim	ساري عدنان رجب المعلم	1123711259	5	2025-09-06	1	44	3	SA4480000615608016031012	1	1	2026-01-31 01:35:13.011702	2026-01-31 01:35:13.011702
169	7462	Hashim M Alhaddad	هاشم محمد احمد الحداد	2120487844	3	2025-09-07	5	85	2	SA8810000011100020708300	1	1	2026-01-31 01:35:13.011702	2026-01-31 01:35:13.011702
170	7463	Adi  B Alrefaei	عدي بدر سليمان الرفاعي	1138591605	5	2025-09-14	1	44	3	SA9380000857608010993042	1	1	2026-01-31 01:35:13.011702	2026-01-31 01:35:13.011702
171	7464	Omar A Alzahrani	عمر الزهراني	1117262400	5	2025-09-15	9	86	3	SA3880000150608016041566	1	1	2026-01-31 01:35:13.011702	2026-01-31 01:35:13.011702
172	7467	Muhanad M  Ali Alsehli	مهند محمد علي السهلي	1102554415	5	2025-09-16	1	44	3	SA1080000150608016007344	1	1	2026-01-31 01:35:13.011702	2026-01-31 01:35:13.011702
173	7468	Feras B Alharbi	فراس بدر رويجح القايدي الحربي	1109510188	5	2025-09-22	1	44	3	SA8580000327608016029833	1	1	2026-01-31 01:35:13.011702	2026-01-31 01:35:13.011702
174	7470	Kamal S Aljuhani	كمال سعد صريصر الجهني	1121614273	5	2025-09-24	1	44	2	SA6610000011100500609503	1	1	2026-01-31 01:35:13.011702	2026-01-31 01:35:13.011702
175	7474	Osama  A Hamoud Alahmdi	اسامة علي حمود الاحمدي	1144935796	5	2025-11-12	1	44	3	SA8280000106608016682786	1	1	2026-01-31 01:35:13.011702	2026-01-31 01:35:13.011702
176	7476	Fahad  A Mohammed Alrashidi	فهد الحميدي محمد الرشيدي	1113968927	5	2025-12-01	1	26	3	SA9580000150608016092726	1	1	2026-01-31 01:35:13.011702	2026-01-31 01:35:13.011702
177	7477	Abdullah B Alharbi	عبدالله بدر رويجح الحربي	1096636129	5	2025-12-06	8	87	2	SA0610000011100143097101	1	1	2026-01-31 01:35:13.011702	2026-01-31 01:35:13.011702
178	7478	Abdulhadi M Alhamdi	عبدالهادي مرشد حميد الحمدي	1072661034	5	2025-12-06	8	87	3	SA5680000150608010536298	1	1	2026-01-31 01:35:13.011702	2026-01-31 01:35:13.011702
179	7479	Ahmed A Alrefaei	احمد عبدالحميد سالم الرفاعي	1028639894	5	2026-01-04	1	44	3	SA9580000352608010062127	1	1	2026-01-31 01:35:13.011702	2026-01-31 01:35:13.011702
180	7480	Mohammed R Aljohani	محمد رمضان عويدل العلوني	1134026739	5	2026-01-04	1	88	3	SA9880000150608016197723	1	1	2026-01-31 01:35:13.011702	2026-01-31 01:35:13.011702
\.


--
-- Data for Name: job_titles; Type: TABLE DATA; Schema: public; Owner: postgres
--

COPY public.job_titles (id, name_ar, name_en) FROM stdin;
1	مدير عام التشغيل	\N
2	مدير الطباعة	\N
3	مدير الجودة والتطوير	\N
4	مساعد إداري	\N
5	مدير عام تشغيل	\N
6	محاسب	\N
7	مدير مبيعات	\N
8	حارس أمن	\N
9	فني صيانة ميكانيكي	\N
10	نائب مدير الموارد البشرية	\N
11	سائق فوركليفت	\N
12	سائق رافعة	\N
13	مندوب مشتريات	\N
14	عامل إنتاج	\N
15	عامل	\N
16	مشتريات	\N
17	فني تشكيل حديد	\N
18	كاتب انتاج -مشغل ماكينة تغليف	\N
19	مشغل مصنع التكرير والفصل	\N
20	مراقب جودة	\N
21	مدير  الجودة والتطوير	\N
22	سائق رافعة شوكية	\N
23	فني لحام	\N
24	فني ماكينات	\N
25	مساعد مشرف	\N
26	عامل انتاج	\N
27	مشرف خط	\N
28	فني ميكانيكي	\N
29	مساعد مشغل	\N
30	عامل انشاءات	\N
31	مشغل ماكينة	\N
32	مشرف عمال	\N
33	ميكانيكي	\N
34	مشغل مكابس	\N
35	كهربائي	\N
36	لحام	\N
37	عامل غسيل سيارات	\N
38	مشغل نفخ العبوات PET	\N
39	مساعد فني	\N
40	رئيس  تنفيذي	\N
41	مشغل ماكينة تغليف	\N
42	فني ميكانيكا	\N
43	أمين مستودع	\N
44	عامل تعبئة وتغليف	\N
45	فني صيانة الآت كهربائية	\N
46	عامل بناء	\N
47	مشرف السكن والاعاشة	\N
48	مشرف تجهيز تصاميم وصناعة الكليشات للطباعة	\N
49	مشغل الطباعة	\N
50	مدير انتاج	\N
51	مراقب الجودة	\N
52	سائق حافلة	\N
53	اخصائي موارد بشرية	\N
54	سائق رافعه شوكية	\N
55	مدير عام المالية	\N
56	فنى صيانة كهربائية	\N
57	فنى حقن	\N
58	مهندس رسم قوالب	\N
59	فني كيميائي	\N
60	كيميائي	\N
61	مشغل بامب هاوس	\N
62	مشغل ماكينات	\N
63	عامل نظافة	\N
64	مساعد مشغل مضخات	\N
65	فني جودة	\N
66	فني غلايات	\N
67	كيميائي عام	\N
68	فني تبرييد وتكييف	\N
69	حارس امن	\N
70	محاسبة	\N
71	ضابطة موارد بشرية	\N
72	مدير  تصنيع قوالب	\N
73	مصمم جرافيك	\N
74	أخصائية جودة	\N
75	ضابط موارد بشرية	\N
76	مهندس مشروع	\N
77	عاملة مطبخ	\N
78	مشرف إنتاج مصنع البلاستك	\N
79	مشغل سخان	\N
80	مدخل بيانات	\N
81	سائق	\N
82	مشرف سلامة	\N
83	فني ميكانيكة	\N
84	امين مستودع	\N
85	مساعد مدير مشروع	\N
86	فني صيانة ميكانيكية	\N
87	مشرف مناوبه	\N
88	عامل تعبئه وتغليف	\N
\.


--
-- Data for Name: nationalities; Type: TABLE DATA; Schema: public; Owner: postgres
--

COPY public.nationalities (id, name_ar, name_en) FROM stdin;
1	مصر	\N
2	الجمهورية العربية السورية	\N
3	اليمن	\N
4	باكستان	\N
5	المملكة العربية السعودية	\N
6	بنغلاديش	\N
7	الهند	\N
8	نيجيريا	\N
9	تركيا	\N
10	فلسطين	\N
11	السودان	\N
12	إندونيسيا	\N
\.


--
-- Name: banks_id_seq; Type: SEQUENCE SET; Schema: public; Owner: postgres
--

SELECT pg_catalog.setval('public.banks_id_seq', 7, true);


--
-- Name: companies_id_seq; Type: SEQUENCE SET; Schema: public; Owner: postgres
--

SELECT pg_catalog.setval('public.companies_id_seq', 1, true);


--
-- Name: departments_id_seq; Type: SEQUENCE SET; Schema: public; Owner: postgres
--

SELECT pg_catalog.setval('public.departments_id_seq', 20, true);


--
-- Name: employee_statuses_id_seq; Type: SEQUENCE SET; Schema: public; Owner: postgres
--

SELECT pg_catalog.setval('public.employee_statuses_id_seq', 2, true);


--
-- Name: employees_id_seq; Type: SEQUENCE SET; Schema: public; Owner: postgres
--

SELECT pg_catalog.setval('public.employees_id_seq', 180, true);


--
-- Name: job_titles_id_seq; Type: SEQUENCE SET; Schema: public; Owner: postgres
--

SELECT pg_catalog.setval('public.job_titles_id_seq', 88, true);


--
-- Name: nationalities_id_seq; Type: SEQUENCE SET; Schema: public; Owner: postgres
--

SELECT pg_catalog.setval('public.nationalities_id_seq', 12, true);


--
-- Name: banks banks_pkey; Type: CONSTRAINT; Schema: public; Owner: postgres
--

ALTER TABLE ONLY public.banks
    ADD CONSTRAINT banks_pkey PRIMARY KEY (id);


--
-- Name: companies companies_pkey; Type: CONSTRAINT; Schema: public; Owner: postgres
--

ALTER TABLE ONLY public.companies
    ADD CONSTRAINT companies_pkey PRIMARY KEY (id);


--
-- Name: departments departments_pkey; Type: CONSTRAINT; Schema: public; Owner: postgres
--

ALTER TABLE ONLY public.departments
    ADD CONSTRAINT departments_pkey PRIMARY KEY (id);


--
-- Name: employee_statuses employee_statuses_pkey; Type: CONSTRAINT; Schema: public; Owner: postgres
--

ALTER TABLE ONLY public.employee_statuses
    ADD CONSTRAINT employee_statuses_pkey PRIMARY KEY (id);


--
-- Name: employees employees_employee_code_key; Type: CONSTRAINT; Schema: public; Owner: postgres
--

ALTER TABLE ONLY public.employees
    ADD CONSTRAINT employees_employee_code_key UNIQUE (employee_code);


--
-- Name: employees employees_pkey; Type: CONSTRAINT; Schema: public; Owner: postgres
--

ALTER TABLE ONLY public.employees
    ADD CONSTRAINT employees_pkey PRIMARY KEY (id);


--
-- Name: job_titles job_titles_pkey; Type: CONSTRAINT; Schema: public; Owner: postgres
--

ALTER TABLE ONLY public.job_titles
    ADD CONSTRAINT job_titles_pkey PRIMARY KEY (id);


--
-- Name: nationalities nationalities_pkey; Type: CONSTRAINT; Schema: public; Owner: postgres
--

ALTER TABLE ONLY public.nationalities
    ADD CONSTRAINT nationalities_pkey PRIMARY KEY (id);


--
-- Name: employees employees_bank_id_fkey; Type: FK CONSTRAINT; Schema: public; Owner: postgres
--

ALTER TABLE ONLY public.employees
    ADD CONSTRAINT employees_bank_id_fkey FOREIGN KEY (bank_id) REFERENCES public.banks(id);


--
-- Name: employees employees_company_id_fkey; Type: FK CONSTRAINT; Schema: public; Owner: postgres
--

ALTER TABLE ONLY public.employees
    ADD CONSTRAINT employees_company_id_fkey FOREIGN KEY (company_id) REFERENCES public.companies(id);


--
-- Name: employees employees_department_id_fkey; Type: FK CONSTRAINT; Schema: public; Owner: postgres
--

ALTER TABLE ONLY public.employees
    ADD CONSTRAINT employees_department_id_fkey FOREIGN KEY (department_id) REFERENCES public.departments(id);


--
-- Name: employees employees_job_title_id_fkey; Type: FK CONSTRAINT; Schema: public; Owner: postgres
--

ALTER TABLE ONLY public.employees
    ADD CONSTRAINT employees_job_title_id_fkey FOREIGN KEY (job_title_id) REFERENCES public.job_titles(id);


--
-- Name: employees employees_nationality_id_fkey; Type: FK CONSTRAINT; Schema: public; Owner: postgres
--

ALTER TABLE ONLY public.employees
    ADD CONSTRAINT employees_nationality_id_fkey FOREIGN KEY (nationality_id) REFERENCES public.nationalities(id);


--
-- Name: employees employees_status_id_fkey; Type: FK CONSTRAINT; Schema: public; Owner: postgres
--

ALTER TABLE ONLY public.employees
    ADD CONSTRAINT employees_status_id_fkey FOREIGN KEY (status_id) REFERENCES public.employee_statuses(id);


--
-- PostgreSQL database dump complete
--

\unrestrict uE3ImSp8aO4cigEuD7MyT0bqAAcTLvsmLLcvqbxE1gOlzT8lbHvjVs9XHagpHTt

